                  epoch,         train/box_loss,         train/cls_loss,         train/dfl_loss,   metrics/precision(B),      metrics/recall(B),       metrics/mAP50(B),    metrics/mAP50-95(B),           val/box_loss,           val/cls_loss,           val/dfl_loss,                 lr/pg0,                 lr/pg1,                 lr/pg2
                      1,                0.69281,                0.42421,                0.93109,                0.97371,                 0.9712,                0.98914,                0.87301,                0.57693,                0.30839,                0.85852,              0.0033324,              0.0033324,              0.0033324
                      2,                0.74035,                0.47105,                0.94692,                0.97092,                0.96487,                0.98735,                0.86319,                0.60003,                0.32955,                0.87015,               0.005016,               0.005016,               0.005016
                      3,                0.78559,                0.52245,                0.96382,                0.96675,                0.96949,                0.98827,                0.86601,                0.58718,                0.32542,                0.86624,              0.0050495,              0.0050495,              0.0050495
                      4,                 0.7872,                0.51788,                0.96487,                0.97338,                0.97413,                0.98989,                0.88111,                0.55519,                0.29222,                0.85492,               0.002575,               0.002575,               0.002575
