                  epoch,         train/box_loss,         train/cls_loss,         train/dfl_loss,   metrics/precision(B),      metrics/recall(B),       metrics/mAP50(B),    metrics/mAP50-95(B),           val/box_loss,           val/cls_loss,           val/dfl_loss,                 lr/pg0,                 lr/pg1,                 lr/pg2
                      1,                 1.4674,                 2.0356,                 1.4204,                 0.7833,                0.39627,                0.45119,                0.23877,                  1.707,                 1.8121,                 1.6637,             0.00041453,             0.00041453,             0.00041453
                      2,                 1.5414,                 1.6565,                 1.4715,                0.74977,                0.40224,                0.46132,                0.25591,                 1.6885,                 1.5612,                 1.6516,             0.00082297,             0.00082297,             0.00082297
                      3,                 1.5483,                 1.5972,                 1.4861,                0.78074,                0.39882,                0.45269,                 0.2563,                 1.6041,                 1.6578,                  1.623,              0.0012232,              0.0012232,              0.0012232
